video,scene_index,start_sec,end_sec,duration_sec
ran_da_mozaik_yap_lanma_ne_demek_Korfez_e_yonelik_sald_r_lar_n_arkas_nda_ne_var_-_5N1K_29.03.2026_BMoyyIE7H9I.f136.mp4,1,0.0,4.64,4.64
ran_da_mozaik_yap_lanma_ne_demek_Korfez_e_yonelik_sald_r_lar_n_arkas_nda_ne_var_-_5N1K_29.03.2026_BMoyyIE7H9I.f136.mp4,2,4.64,34.68,30.04
ran_da_mozaik_yap_lanma_ne_demek_Korfez_e_yonelik_sald_r_lar_n_arkas_nda_ne_var_-_5N1K_29.03.2026_BMoyyIE7H9I.f136.mp4,7,46.24,116.36,70.12
ran_da_mozaik_yap_lanma_ne_demek_Korfez_e_yonelik_sald_r_lar_n_arkas_nda_ne_var_-_5N1K_29.03.2026_BMoyyIE7H9I.f136.mp4,9,119.12,134.6,15.48
ran_da_mozaik_yap_lanma_ne_demek_Korfez_e_yonelik_sald_r_lar_n_arkas_nda_ne_var_-_5N1K_29.03.2026_BMoyyIE7H9I.f136.mp4,33,342.68,370.68,28.0
ran_da_mozaik_yap_lanma_ne_demek_Korfez_e_yonelik_sald_r_lar_n_arkas_nda_ne_var_-_5N1K_29.03.2026_BMoyyIE7H9I.f136.mp4,58,619.24,623.4,4.16
ran_da_mozaik_yap_lanma_ne_demek_Korfez_e_yonelik_sald_r_lar_n_arkas_nda_ne_var_-_5N1K_29.03.2026_BMoyyIE7H9I.f136.mp4,61,627.48,707.04,79.56
ran_da_mozaik_yap_lanma_ne_demek_Korfez_e_yonelik_sald_r_lar_n_arkas_nda_ne_var_-_5N1K_29.03.2026_BMoyyIE7H9I.f136.mp4,63,710.44,720.36,9.92
ran_da_mozaik_yap_lanma_ne_demek_Korfez_e_yonelik_sald_r_lar_n_arkas_nda_ne_var_-_5N1K_29.03.2026_BMoyyIE7H9I.f136.mp4,79,850.96,861.16,10.2
ran_da_mozaik_yap_lanma_ne_demek_Korfez_e_yonelik_sald_r_lar_n_arkas_nda_ne_var_-_5N1K_29.03.2026_BMoyyIE7H9I.f136.mp4,97,1016.36,1022.64,6.28
ran_da_mozaik_yap_lanma_ne_demek_Korfez_e_yonelik_sald_r_lar_n_arkas_nda_ne_var_-_5N1K_29.03.2026_BMoyyIE7H9I.f136.mp4,110,1134.64,1143.68,9.04
TOTAL_KEPT,,,,267.44
